ID,stance,aspect_span,opinion_span,aspect_catetegory
1367956947404611587,positive,40:59,0:92,0
1373534339506581508,negative,0:40,0:40,3
1373467890427392001,positive,84:103,0:145,16
1368952949691404293,positive,118:128,6:186,16
1372604541640794118,positive,59:74,24:76,19
1377169890721767426,positive,0:27,0:54,9
1377611990181482496,positive,6:280,6:280,12
1369299217815113733,negative,107:211,107:213,21
1368741472380588033,negative,25:37,0:45,23
1370821625030053888,negative,99:127,53:268,15
1367597684576694282,positive,83:206,83:208,4
1367849840164605955,positive,77:103,47:208,0
1375936452459175937,positive,3:41,3:41,8
1368162636089671680,positive,0:50,0:164,1
1373400157048467466,negative,62:177,0:177,3
1372311731364528131,positive,0:51,0:51,17
1373707325136048138,negative,6:253,6:253,3
1377056082737033217,positive,0:23,0:88,9
1368027091942445056,positive,42:120,38:176,3
1373619256257036290,positive,133:158,0:260,0
1367724219627356160,positive,6:123,6:223,0
1372680524435709952,positive,0:70,22:70,3
1372676154579124228,positive,47:117,0:117,3
1378100374951854083,neutral,53:148,0:148,11
1372688496431874050,negative,36:88,36:88,3
1367554560831684608,positive,65:84,0:145,0
1369040423776366595,negative,42:228,13:228,23
1367956085886304258,positive,27:96,0:96,4
1368356111703699456,negative,6:162,0:0,4
1373734512358793222,negative,28:80,0:80,3
1373249822090784770,positive,5:56,0:184,1
1371852176751009801,neutral,82:101,0:101,0
1366798469076299780,negative,0:68,0:47,4
1373333055969038339,positive,6:67,6:69,1
1368163918263246848,positive,0:132,0:218,3
1377346516008857606,positive,65:108,0:185,1
1371874864840122368,positive,11:22,0:61,16
1373073723977302021,neutral,158:177,59:194,0
1368210485728972809,negative,0:179,0:179,3
1366550456084946945,positive,6:97,6:97,4
1373722632256942081,positive,23:44,0:168,0
1371452149394210816,negative,49:121,49:262,19
1366719778249969670,positive,24:43,8:55,0
1372791305139494912,positive,26:40,0:238,23
1372196004854915074,positive,100:141,96:223,3
1373717012308971524,negative,0:142,0:142,3
1368204231124123655,positive,0:37,0:221,1
1372307514084061186,positive,0:81,0:83,21
1376363487346188298,negative,37:80,34:200,8
1371899437849571330,positive,29:75,29:75,3
1368139250865213444,neutral,42:95,0:280,4
1372530214333472776,negative,123:216,0:275,19
1365906634623623169,positive,21:40,0:85,0
1373310089642323975,positive,0:33,0:56,1
1368350094559342592,negative,62:124,0:222,11
1377471475133808644,negative,77:120,32:254,16
1367241758506057729,negative,0:224,0:224,4
1368123128895922177,positive,0:45,0:176,1
1373702664165462032,negative,0:162,0:162,3
1372649853822627846,positive,22:66,22:66,3
1369289827447881736,neutral,0:16,0:236,23
1377358768493715457,positive,0:112,0:145,11
1368371490341593090,positive,64:83,0:165,0
1369558755784982528,positive,30:109,0:263,21
1372711629238890496,positive,0:68,0:70,3
1377742588984320012,positive,0:88,0:88,20
1372990305260072962,positive,18:43,0:95,0
1372997010031321092,positive,63:96,0:96,0
1376576376812101648,positive,48:60,0:92,8
1368046811714379776,positive,17:36,47:146,0
1378022582436425735,negative,0:156,0:156,11
1375911500083298311,neutral,161:190,101:204,16
1377739576379326471,positive,203:273,203:275,1
1370759600065060864,negative,237:272,166:274,22
1378287682934087682,positive,28:89,0:155,16
1372818595827363846,positive,114:167,0:169,3
1367769385205633032,negative,0:221,0:221,0
1373213507571826689,positive,27:273,27:273,4
1372119522069594116,negative,6:110,6:225,20
1377348721910849539,negative,0:134,0:136,12
1373652648679858176,positive,54:184,58:186,3
1373257332046581761,negative,53:94,6:221,3
1373714695425777667,negative,53:263,53:263,19
1376098626473185287,neutral,24:35,0:64,8
1369608171677904898,negative,6:135,6:284,23
1371892926725324800,positive,29:137,12:168,16
1367882527453614083,positive,17:191,0:193,4
1373669570586759173,negative,69:272,69:272,3
1368356696024784898,positive,10:227,0:8,4
1373363493341171712,negative,12:52,0:149,3
1368300831909494784,neutral,12:122,12:174,4
1371550411010760704,negative,74:81,0:125,16
1368971672204832769,negative,0:107,0:107,23
1376217045474377728,neutral,13:45,6:45,20
1372787886190252036,positive,47:94,0:94,3
1372307771689996293,negative,38:65,0:97,16
1366446137876615171,positive,38:143,38:145,12
1370819298957086726,negative,159:173,0:198,16
1368230342813908997,negative,12:123,12:123,3
1367775666591182848,positive,0:73,0:75,0
1373187168714244097,neutral,4:32,0:260,3
1366941346741714944,negative,0:50,0:50,3
1367748659434110980,negative,10:101,10:101,4
1367852235208744965,positive,57:76,0:250,0
1367958300667547652,positive,83:185,0:185,4
1367967605819080720,positive,20:110,20:144,4
1377795903411617792,positive,172:206,0:208,0
1373568433447657475,negative,111:203,93:205,4
1367726003301326848,positive,4:32,0:86,0
1367524948047097857,positive,204:221,123:244,0
1372635803956953093,positive,41:73,0:111,0
1372278286517211147,negative,0:78,0:80,20
1367504250138488832,positive,0:33,0:181,1
1368733840982806540,negative,65:232,18:270,14
1373482213136764932,neutral,79:123,0:177,3
1377457756089815042,positive,14:85,14:85,9
1368177621817757702,positive,90:97,0:182,16
1369038011904778240,positive,150:310,24:310,22
1369608411755712514,negative,31:62,6:62,16
1373289542778781704,positive,23:95,6:109,1
1377640383086272515,positive,0:32,0:55,9
1368049769067675650,positive,125:210,125:210,11
1367919137163509764,positive,29:81,0:104,0
1369618775176282121,negative,0:102,0:284,16
1367777125286240256,positive,31:150,31:152,0
1372794170536988673,positive,33:77,0:79,3
1373558120656424962,negative,23:72,0:236,3
1368953691961651203,positive,168:233,6:235,16
1368021799192178690,positive,149:255,138:257,4
1373609265160724483,positive,92:125,0:218,0
1371087733779742728,negative,73:139,73:254,20
1378447935986409472,positive,6:63,6:63,9
1373350586834432001,neutral,0:229,0:229,3
1373113564433633285,positive,36:63,0:87,0
1378009636415139848,positive,141:148,0:243,16
1375625077002276871,positive,60:182,60:184,11
1372277695522955265,negative,94:112,0:182,22
1367852751867248641,positive,65:91,0:109,0
1368298539290361866,negative,0:154,0:154,4
1367790156531589120,positive,86:114,0:221,0
1368953737146929155,negative,201:288,183:290,23
1367456007111143430,positive,37:113,37:113,4
1368175741175750663,positive,32:111,32:111,3
1372175094626275331,positive,8:43,0:72,3
1372385660867252224,positive,0:48,0:84,17
1372292050868174851,positive,50:68,13:93,0
1370572329928028163,positive,34:74,18:135,3
1372617734928875520,neutral,25:50,0:237,4
1367844644046921732,positive,81:137,0:294,1
1367466376458358784,positive,81:100,28:130,0
1377981908768858112,positive,6:58,6:229,9
1370577914501029890,positive,81:172,42:216,3
1378029322368217088,positive,151:168,21:186,16
1370183202145509379,positive,112:122,112:124,16
1373641400252702724,negative,170:218,166:235,20
1373443023233683457,neutral,27:67,0:117,6
1372758641984479251,positive,33:72,0:72,3
1368376805124571136,negative,0:95,0:95,4
1371889013020319745,positive,0:23,0:23,17
1373294128931483650,positive,52:64,15:245,19
1373695981980684297,negative,83:173,0:175,3
1372781595522834433,negative,0:169,0:171,3
1372900215620001795,positive,46:73,11:269,1
1367810480396398594,positive,16:35,0:46,0
1376887026956566531,negative,32:158,12:249,8
1378225486086746113,negative,122:137,107:266,20
1368192740106833924,positive,0:90,0:92,1
1372516428163788802,negative,0:185,0:267,3
1371938660069834752,negative,137:245,137:247,3
1378311554471403520,positive,0:103,0:103,17
1367863057830010886,positive,0:82,0:82,0
1368404195661910020,positive,31:62,22:151,4
1370361522145361922,positive,0:44,0:179,21
1373195617456037890,positive,0:42,0:179,1
1372309970260271118,positive,42:52,0:90,16
1373283638977122308,negative,32:85,0:85,3
1377338525788512256,positive,20:92,0:227,12
1377172983706316800,positive,97:116,64:221,16
1376507246247567361,negative,0:74,0:104,11
1376602311406055433,positive,23:30,14:61,16
1373323662250639361,negative,137:255,137:255,3
1373690554203131904,positive,201:268,171:268,3
1372787011635929100,positive,203:230,0:250,16
1369545056630276101,positive,6:85,6:85,21
1368213495284572162,positive,128:250,128:252,4
1377797945127493632,positive,30:45,0:155,8
1366607600725319681,positive,0:133,0:135,12
1368396339860545548,negative,86:132,0:251,19
1372794395368427523,negative,155:165,6:229,16
1372086298522091522,neutral,15:84,0:84,0
1368267228232085504,positive,5:27,0:154,1
1368331831859437572,positive,9:229,9:229,12
1373622593983442948,negative,48:124,9:139,3
1367890598389223429,positive,169:252,145:254,4
1366512963226660866,negative,0:81,0:81,0
1376821393468317696,positive,6:61,6:61,9
1367992154560204800,positive,12:105,0:105,8
1366034256598818817,positive,0:91,0:93,12
1373572896136646656,neutral,17:125,0:180,3
1371891595184771072,negative,121:211,27:255,23
1372673297876324353,neutral,32:106,15:106,0
1368841718653681664,positive,6:92,6:256,16
1367816429668601857,positive,9:47,0:116,3
1372996822029922312,positive,23:50,0:50,0
1366428621192253441,negative,105:177,105:177,7
1377492975765315585,positive,45:128,0:130,8
1376600385041825792,positive,10:17,0:201,16
1367562603413782529,positive,27:60,0:60,1
1372095451307114501,negative,234:288,33:290,20
1372647570133151746,positive,93:105,19:105,6
1376751981272780804,positive,53:205,53:277,8
1371251626049175558,negative,23:29,6:29,16
1367982982632407043,positive,74:102,0:104,0
1376586579121160193,positive,0:86,0:86,9
1373276419527208966,positive,117:158,35:160,3
1373025904281194500,negative,53:120,0:226,3
1377241988110692354,positive,0:74,0:76,12
1367885590830620672,positive,93:196,93:196,4
1378242867089539075,negative,0:257,0:257,3
1367867480807518213,positive,12:133,12:146,1
1367872742570172423,positive,6:39,6:41,16
1377315921006485504,negative,59:158,12:158,11
1373508201304354818,positive,11:117,11:119,3
1377629666232655880,positive,0:69,0:69,12
1367633699655856129,negative,58:83,15:266,6
1378238700254081025,positive,11:60,0:273,9
1370421089310965761,positive,6:65,6:70,21
1373396702116376579,negative,134:228,107:230,6
1368183921087819776,positive,14:93,0:95,4
1367496096063315969,positive,0:199,0:199,3
1367587233906057216,positive,47:81,0:112,0
1373307566776745986,positive,0:98,0:98,1
1367629113721241602,negative,202:275,0:277,3
1368332926132183041,negative,0:57,0:72,3
1377764302279614465,neutral,44:74,6:220,16
1371783243473641475,positive,116:175,0:175,16
1368188769606770696,positive,66:167,66:167,3
1373355578542669842,neutral,91:139,14:229,3
1370901887080296448,positive,13:72,6:72,21
1368339287519944706,positive,46:113,46:113,4
1367061050579804162,negative,113:259,113:259,3
1378000806432096256,positive,0:51,0:53,9
1373295700889501697,neutral,99:118,6:120,0
1372604006770610179,positive,146:171,0:171,0
1371012175989444608,negative,0:117,0:117,20
1372748127137099777,negative,29:85,22:251,3
1377253038835036162,negative,9:63,9:63,12
1367958170820349954,positive,0:111,0:111,1
1377632726715662345,negative,0:210,0:210,11
1372151778544861184,neutral,43:71,18:137,16
1368730097667084289,positive,40:50,0:226,16
1367580613805404160,positive,0:103,0:105,4
1368362517001498625,negative,0:164,0:216,3
1371540948312805386,positive,31:87,0:282,3
1368124362419621889,negative,40:268,6:268,3
1372862091837779971,positive,0:31,0:72,3
1378416288092065796,positive,54:101,0:101,12
1373682589672878085,negative,32:95,0:186,3
1377349213575475201,positive,81:135,81:137,9
1370304848558747654,positive,0:107,0:215,3
1367798447894593537,positive,0:255,0:255,6
1371543562140196864,positive,0:14,0:42,1
1368941555814391811,positive,80:91,29:99,16
1371545698030776330,positive,219:280,12:282,21
1368149462477123585,positive,5:19,0:160,1
1371263362416345088,positive,0:46,0:239,20
1375527077592567813,positive,0:145,0:204,19
1372595518275194885,positive,128:172,95:174,3
1372679893792796676,negative,96:151,0:180,3
1367857139616735233,positive,89:181,89:204,8
1373350114899730433,positive,0:44,0:87,3
1368229853833687051,positive,123:220,123:220,12
1376974378768994307,positive,79:177,79:179,11
1370420259782586378,positive,24:68,24:68,17
1367987246796734464,positive,179:187,0:202,8
1367799265716805634,positive,0:41,0:41,1
1369323564978016267,negative,83:229,66:229,11
1372961271327420430,positive,37:73,0:68,1
1373597528613130240,positive,14:25,0:139,19
1376156471080189962,positive,0:21,0:65,8
1375805373144256513,positive,29:74,0:76,9
1372453494662307840,neutral,0:74,0:76,0
1372631446909779980,positive,189:216,154:218,3
1369609662690115585,negative,60:66,0:74,16
1368206869601390595,positive,101:115,0:251,8
1372851452629065729,negative,0:121,0:121,3
1377247322241789955,positive,0:51,0:51,12
1365845823364370436,negative,83:129,32:196,4
1371849666640351234,positive,8:95,8:125,0
1372519220379070466,positive,21:29,4:167,16
1367841892206063619,positive,0:41,0:41,1
1368064687045107712,positive,36:87,13:89,4
1372523391207546887,positive,14:59,6:199,16
1368971754299781122,negative,72:127,32:232,19
1371704990901878785,positive,0:153,0:153,3
1368242943669243907,negative,0:171,0:173,3
1372613773928841222,neutral,0:116,0:229,3
1373482760988397571,negative,39:86,39:86,3
1367953636555390984,positive,38:174,4:176,0
1377887714876489752,positive,61:71,0:202,9
1368319541592399877,negative,10:60,0:60,3
1375778952078315520,positive,6:48,6:98,20
1373566403773661184,negative,52:95,0:95,3
1368081601117192192,positive,0:83,0:214,0
1368374648505700361,positive,14:127,0:240,4
1372774462148341770,positive,0:51,0:51,16
1368108672530796544,positive,0:58,0:60,12
1373648463120982019,positive,30:49,0:70,0
1372810640641855489,positive,20:74,20:74,3
1367696707966750720,positive,36:52,83:238,16
1372940932673196032,positive,84:113,0:130,0
1368195299940917250,positive,23:118,23:120,20
1369373399777243146,negative,85:243,85:243,23
1373619085104324608,negative,138:173,6:239,11
1378165231277518849,positive,60:67,0:67,8
1368158859982954498,positive,73:266,6:266,3
1373045383593660421,positive,0:189,0:189,0
1376126603164446721,neutral,36:45,0:225,20
1366412466343845890,negative,0:195,0:195,6
1373561280787853313,negative,0:47,0:47,7
1368628457987596295,negative,42:56,0:252,20
1376338320024772611,neutral,55:104,0:106,8
1371887572104966146,positive,29:282,29:282,21
1375947242960474116,positive,3:31,3:41,8
1376665400847568901,positive,13:107,13:107,11
1368226466589212672,positive,83:185,83:185,4
1376951899346309120,positive,5:28,0:30,9
1370432191688175622,negative,25:81,0:219,22
1377588145697472512,positive,23:52,0:98,12
1368217216903176196,positive,52:116,0:118,1
1366687275401310210,positive,61:135,39:137,4
1367512588565831683,positive,5:172,5:172,1
1368296230229577733,negative,0:196,0:196,3
1378331424537915397,positive,67:85,0:306,16
1372570734665605123,positive,5:58,5:60,3
1375780439558909954,positive,6:64,6:224,19
1373127673220886530,positive,30:57,0:57,0
1373435869768654848,positive,0:103,0:131,3
1369037638146035713,positive,6:62,6:259,16
1368294789918162950,positive,30:146,30:241,12
1368185609928515594,positive,5:38,0:169,1
1373382114884878338,positive,100:119,0:179,0
1369320518994759686,negative,15:89,0:247,22
1377032949275705345,positive,11:27,0:278,16
1367513895204749313,negative,72:199,0:233,3
1367565570552520711,positive,19:169,19:169,1
1370423003314585609,positive,51:61,0:97,16
1368205028733956097,negative,81:120,63:282,3
1371962242082738177,negative,11:120,11:122,4
1367526961942323210,positive,61:82,0:245,4
1372997859344326657,positive,15:66,0:82,1
1365796432683311106,negative,12:256,12:256,6
1371628021417975809,positive,0:150,0:150,16
1372924204283219975,positive,8:74,8:76,1
1367887395178299395,positive,0:31,0:229,17
1376696760635166720,positive,15:105,0:250,12
1375624893073592321,positive,38:127,6:263,12
1368261244038377484,positive,0:44,0:95,1
1378039527047069697,positive,5:142,0:142,12
1369033674155421698,positive,5:86,0:199,16
1375759417031987206,positive,36:44,27:80,16
1373659475484233733,positive,37:51,0:51,8
1367962487526584321,positive,6:247,6:247,4
1367919275894333445,positive,0:27,0:139,8
1372585575568531469,positive,20:89,0:157,3
1373543048223858693,negative,50:151,17:171,3
1368729717830991872,neutral,85:128,0:270,16
1372853127561494530,negative,0:67,0:67,3
1367952235532083202,negative,0:275,0:275,0
1368034987304513540,positive,0:102,0:102,16
1373433237620596737,negative,26:225,26:225,3
1372279452953104389,negative,72:79,19:251,16
1373120590912045057,positive,17:36,0:60,0
1368247040195637250,positive,166:185,0:201,0
1371893501626097677,positive,29:44,29:44,17
1376581769726717956,neutral,17:35,0:68,16
1376559278157258757,positive,39:54,0:84,9
1367481033118134278,positive,0:49,0:49,0
1368164695732068352,negative,81:198,54:198,19
1368231257927192584,negative,0:173,0:173,4
1377669327181148163,positive,0:145,0:145,12
1367480136338190345,positive,10:91,0:91,16
1368100599376584706,positive,0:111,0:111,1
1367764099053064193,positive,17:32,17:47,0
1375931926230429698,positive,15:39,6:39,9
1371978105280204802,positive,151:253,151:253,16
1373731699977297920,negative,13:144,13:144,3
1376699044865605633,positive,5:33,0:33,9
1373638848476033026,positive,71:111,6:173,0
1367453763250888705,negative,75:140,75:140,4
1371362400323133446,negative,90:166,6:274,19
1373191290297450503,neutral,104:227,0:229,3
1373726892059152390,negative,0:71,0:73,3
1377998855199985664,positive,146:160,24:300,8
1372884643087847434,negative,0:104,0:104,3
1372933582184927235,positive,90:109,0:133,0
1367803940046180353,positive,45:107,45:107,16
1372917563970236416,positive,30:49,10:57,0
1368248052746760196,positive,136:155,0:227,0
1373093676176470017,negative,35:82,0:84,3
1371975427196035075,negative,55:116,41:162,20
1372949628178427907,negative,0:202,0:202,3
1368188149399252994,negative,50:87,50:276,3
1372757675725914127,negative,102:167,102:167,22
1372156147734560771,neutral,15:71,15:205,0
1372689286198259714,positive,49:124,49:124,18
1371785317301293062,positive,0:154,0:154,3
1369608538461507586,negative,321:392,13:402,22
1368392847737593865,positive,17:40,0:53,0
1369618167933394946,positive,13:72,0:192,0
1373397177595273217,negative,0:92,0:92,3
1367922822488719362,negative,122:239,12:239,19
1372828573892018177,neutral,80:139,32:219,3
1367713097155219457,negative,33:117,0:117,0
1373314193546416129,positive,61:87,0:89,0
1367864162303479809,positive,16:154,16:154,2
1373392734975852548,positive,68:107,0:179,3
1372148534506573826,negative,113:145,12:147,23
1367809534941683712,negative,20:254,0:254,3
1368359464806404102,positive,118:137,27:272,0
1372583748869390338,neutral,24:130,24:130,3
1367947786315046913,positive,0:113,0:115,3
1368253663500673029,negative,185:206,125:222,16
1373446797390012418,positive,116:122,67:160,8
1372952744722632713,positive,60:204,27:204,3
1372280625500143620,negative,0:144,0:144,20
1372990075588505603,negative,0:71,0:73,3
1368203976718565382,neutral,6:116,6:118,8
1368160808853667842,positive,16:28,0:28,0
1368286159978311682,positive,0:78,0:80,4
1373560011217981447,positive,41:157,41:157,3
1370990586841473025,negative,114:181,0:181,19
1369938561429016577,negative,27:61,0:224,16
1367918179075452929,negative,0:132,0:132,19
1368285832587673604,positive,0:176,0:176,1
1378286866387058688,neutral,54:57,0:89,20
1368623337740660737,negative,0:44,0:113,19
1373388881635241984,positive,0:63,0:156,7
1369363335754432522,positive,0:21,0:38,17
1373218749629730816,positive,84:161,0:163,3
1373683942486839297,negative,14:130,0:130,3
1373248925616979971,positive,84:91,0:209,16
1367953955897012227,positive,8:77,8:77,0
1378059217966301185,positive,14:191,0:216,8
1372621856763736073,negative,25:132,25:134,3
1367900890812809222,positive,12:64,0:66,1
1367101348383256579,negative,118:202,33:202,3
1370958640086089734,positive,57:96,57:96,16
1368246157495988225,positive,3:19,3:258,1
1373266389893533696,positive,101:108,0:146,16
1371025707023892484,negative,63:114,63:116,22
1373250563228467203,neutral,75:140,9:195,3
1368020842584535040,positive,146:234,0:270,0
1377809790143848450,positive,67:99,67:101,9
1377293638519173125,neutral,6:283,6:283,8
1376657777683206146,positive,0:50,0:171,12
1367872160023318531,positive,70:235,70:277,12
1367525533282623491,positive,0:143,0:276,4
1371889543205560325,negative,20:59,20:61,23
1371887216679657486,positive,24:34,24:147,3
1372525840584433667,negative,50:86,6:283,15
1373634698862268417,negative,64:77,36:140,16
1378194055713206280,positive,25:37,0:114,8
1372765923648499714,positive,68:211,68:209,3
1372532343416750086,negative,6:111,6:174,20
1371259249108656131,positive,0:84,0:253,20
1368125185115688960,positive,0:57,0:59,4
1367854411419123726,positive,35:90,12:90,4
1373240289448636421,negative,78:256,38:256,16
1367971915705573376,positive,0:154,0:154,0
1368227663891009536,negative,122:210,0:210,3
1372427504464564224,negative,0:170,0:170,19
1372605428887076873,positive,15:97,15:97,0
1368015574316498944,positive,83:203,83:203,4
1369373699191758852,neutral,31:161,0:249,21
1368348626544517125,negative,37:102,0:102,3
1368634598658355205,negative,0:212,0:245,20
1367795824336515075,positive,46:233,46:233,3
1368114029554765825,positive,76:198,76:198,1
1367652815355613184,positive,19:38,0:59,0
1372307074437242890,negative,70:220,0:220,20
1376119027697922048,positive,0:12,0:57,8
1368200799587885060,negative,0:109,0:161,3
1368286874746421248,negative,4:84,0:86,3
1367880842840735748,positive,21:120,21:122,4
1373544129368485889,positive,0:25,0:166,1
1377997210575593478,neutral,14:63,0:165,21
1376974523854168065,positive,114:145,0:255,8
1372858372534439944,positive,71:136,0:136,3
1377310123052388361,positive,15:64,15:64,9
1368212149223448580,positive,4:24,0:96,0
1373555788598370304,positive,4:55,0:93,3
1376133270274990080,positive,39:50,0:114,8
1377651523992293377,positive,0:245,0:245,12
1366597051333640193,negative,48:73,0:96,0
1372672426568474626,positive,0:255,45:255,20
1367731790211915778,positive,19:47,0:194,0
1372183285871284227,neutral,12:43,0:140,16
1372552317279559689,positive,12:29,0:118,0
1375603850426597379,negative,33:50,0:152,16
1361313672967188489,negative,99:147,6:231,8
1367562424094765065,positive,202:250,202:300,0
1360399245384294400,positive,0:239,0:239,11
1359553443346616323,positive,0:122,0:122,9
1367871974517612548,positive,28:46,6:190,16
1367950742036885506,positive,0:25,0:142,17
1367558409592188935,positive,70:103,0:187,0
1367302343335817217,negative,12:54,12:129,0
1360757286453575680,positive,28:280,28:280,12
1361212433193455618,negative,18:77,18:79,16
1367164287073079300,negative,30:263,30:263,19
1367767220672225283,positive,0:206,0:266,4
1360397900438769672,positive,18:94,18:94,9
1360412453218242564,negative,6:228,6:228,15
1360438137646817281,positive,23:66,23:68,9
1367615774874075137,negative,0:50,0:50,3
1367080574028947461,positive,30:229,30:229,12
1367101326040190983,positive,0:25,0:54,1
1360074507302494220,positive,6:188,6:257,12
1365708197957312515,negative,11:163,11:165,3
1358864463009619970,positive,76:85,55:174,16
1367400930040250368,positive,0:145,0:188,20
1366684105212006400,positive,0:220,0:220,12
1359553329991409664,negative,217:259,0:261,20
1359348856769675266,positive,4:217,4:217,9
1368353866715136000,positive,0:151,0:151,4
1366739909185318914,neutral,0:20,0:196,19
1360395436788486145,negative,12:133,12:294,15
1367610811737206785,neutral,41:100,0:160,16
1367765706729807873,negative,17:105,17:144,3
1368212336327221252,positive,0:33,0:147,1
1359975880802639875,negative,0:115,0:165,19
1368297914548752386,negative,0:160,0:160,0
1366704541345845249,neutral,6:70,6:72,3
1367132007642390529,positive,32:92,0:248,1
1368144919710347267,negative,54:278,6:278,3
1367839154172747782,positive,62:182,6:184,0
1367036151685644292,negative,26:96,0:96,3
1368021060726132738,negative,114:219,0:221,4
1359819517476577287,negative,16:220,0:222,11
1360641039791501315,positive,0:233,0:233,11
1358732987605651456,positive,0:159,0:159,20
1360412859969261568,positive,38:262,38:262,9
1360462124485644289,positive,0:41,0:43,9
1360184790314541058,positive,6:152,6:152,12
1366660917228941319,positive,41:56,0:126,0
1367456065743380481,negative,28:93,12:93,3
1366432413111492618,positive,0:70,0:70,0
1359922470044770308,positive,37:52,24:97,16
1360784319141220356,negative,0:61,0:112,11
1360951723028791303,positive,20:86,20:86,9
1360645812338888705,positive,6:72,6:162,9
1366562426750193665,positive,0:84,0:84,20
1365918431028117507,positive,27:177,27:177,4
1360196153753571329,negative,34:195,3:273,4
1368213930082856964,positive,0:195,0:195,5
1367472926203772930,positive,31:128,12:130,0
1367013200387006464,positive,0:82,0:114,1
1368184647662919686,positive,107:214,107:255,3
1365980976946544641,positive,35:169,18:237,16
1367719169349672960,positive,6:103,6:200,3
1366640711546757122,positive,11:126,7:150,4
1365654557196312578,neutral,12:47,0:47,4
1366820954697949185,negative,80:185,80:185,0
1366200860913541121,positive,0:112,0:199,8
1367536231752564736,positive,0:120,0:120,0
1360666685762658308,negative,18:256,18:256,15
1368197055819247616,neutral,18:210,18:285,20
1366806133789327361,positive,14:30,0:267,16
1366975992871452682,negative,0:63,0:89,0
1368299428541513734,negative,43:177,0:177,19
1366919592787013633,negative,27:47,0:205,0
1359788694069215233,positive,58:147,58:147,9
1366372328024735744,neutral,179:248,179:248,7
1367821531397582851,negative,89:157,0:258,4
1360184922959470595,negative,42:105,42:288,11
1360350595706736640,negative,0:77,0:141,11
1366830669331116036,negative,7:186,7:186,4
1373566151687614465,negative,43:132,12:132,3
1367441358118662144,positive,0:53,0:219,1
1367928482408378369,negative,22:82,0:145,1
1366584854352072704,positive,126:228,94:277,16
1360305302558547968,positive,57:165,6:282,19
1359515732976009221,positive,0:109,0:109,9
1366574144142204928,positive,0:143,0:176,20
1367597416397082634,positive,0:254,0:254,20
1365986980031569921,negative,95:185,12:185,21
1366034277394186247,positive,11:79,0:145,1
1360409774198693888,positive,18:235,18:235,9
1359439826790084609,positive,59:245,59:247,20
1366875463302451205,positive,10:183,0:183,8
1361184263232659459,positive,182:291,136:291,12
1368389749963173891,positive,73:261,6:279,0
1367022585389731848,positive,46:147,46:147,3
1361329280043646979,positive,0:204,0:204,12
1366823883375001612,positive,12:295,12:295,1
1367866808334753799,positive,12:210,12:284,4
1360422592964939776,positive,40:136,40:178,9
1367888494064992264,neutral,0:124,0:124,3
1366263356235993095,neutral,0:148,0:250,3
1367068768833265666,positive,56:152,46:154,0
1366538556504702977,negative,0:74,0:74,0
1367321413548339200,positive,12:238,12:238,4
1366484611723837447,positive,194:220,151:232,0
1360345927278620675,positive,6:130,6:130,9
1365766954506539008,positive,29:102,20:102,3
1366009689624879111,negative,12:174,12:278,19
1367144170532466688,negative,13:74,0:150,3
1367083892142989313,negative,40:107,0:154,3
1360441267595972609,negative,12:82,12:82,9
1360705549009051650,negative,79:139,0:139,23
1367687531240689664,positive,101:120,58:161,0
1360694861524054025,negative,0:62,0:64,11
1367343595926085636,positive,0:77,0:77,3
1368237224786092041,positive,0:93,0:196,1
1360157129550819328,negative,0:103,0:103,16
1367156819429191682,negative,0:76,0:76,0
1366485243306205184,positive,20:44,0:240,20
1367197164477284358,positive,92:173,6:175,4
1373269476783710210,positive,0:66,0:66,0
1367066622985449476,positive,48:129,0:212,3
1367845163247300616,positive,0:94,0:96,4
1367597956115890179,positive,26:67,0:69,19
1367188175521783809,positive,56:129,56:129,0
1367233585414107136,negative,12:233,12:233,19
1361045592089231360,neutral,0:83,0:113,12
1366353951214374914,neutral,0:73,0:254,22
1367454051529453570,negative,12:264,12:264,4
1368334639241256963,neutral,24:210,24:210,0
1366236759869321221,positive,0:250,0:250,4
1368027452883144706,positive,0:82,0:82,5
1367600892980166659,positive,82:183,19:183,0
1368357650606350336,positive,75:175,75:218,0
1367410409750355968,positive,9:52,0:52,17
1368152129915994119,negative,38:193,38:193,19
1368246621952237568,positive,0:184,0:280,1
1366128883947499522,positive,13:86,0:145,20
1367174868123475968,negative,91:221,0:223,5
1368080737128226819,positive,38:41,6:49,16
1365578016781307905,positive,126:178,126:180,8
1360545365305532424,positive,0:146,0:190,11
1367132178048499715,positive,53:129,0:236,1
1365959992239677445,positive,0:91,0:139,4
1365942682342711297,negative,29:120,0:122,4
1365626610322399235,negative,0:250,0:250,4
1366861974185869319,negative,32:218,12:218,3
1367124948263706626,negative,3:118,3:118,3
1366739465817964544,positive,28:113,0:171,0
1358796588089544706,positive,34:105,0:105,20
1367388752579096583,positive,0:129,0:129,1
1373674080927412227,positive,59:174,0:241,0
1366705266201305089,positive,0:26,0:28,0
1366512533348171778,positive,16:169,0:257,21
1367705672628891654,negative,88:181,88:181,3
1373678922932584455,negative,42:89,42:91,22
1367518153387958282,positive,0:133,0:226,3
1366583360940826626,positive,106:242,6:242,5
1367823168694534154,positive,0:65,0:113,0
1367801362910679042,positive,0:106,0:133,1
1366814974694330375,positive,24:302,24:302,14
1359922671572680706,positive,0:73,0:73,12
1358966306503069698,negative,0:67,0:67,11
1373605455742824452,negative,0:59,0:59,3
1367328012648124418,negative,0:253,0:253,1
1367100794747543552,positive,10:113,10:113,16
1360114766107316225,positive,0:60,0:60,9
1368145256630325248,positive,21:52,21:52,1
1360268861002686469,positive,0:49,0:71,19
1359337806385057794,negative,99:179,6:249,12
1358539064551612416,negative,0:145,0:180,20
1367178908525883392,positive,14:57,0:114,16
1360625452969197569,positive,0:76,0:78,9
1367926599153225733,positive,0:72,0:115,3
1368488176902365184,negative,49:114,12:114,3
1359532303182102533,negative,128:193,39:195,11
1367097336959279110,positive,140:267,136:267,4
1360972947079495688,positive,51:96,0:98,9
1367053695544938497,negative,0:60,0:60,3
1358573151249002496,positive,49:116,6:125,19
1365730160708710403,positive,49:177,49:220,16
1368000814497755137,negative,186:267,37:274,16
1367883027599286274,positive,27:290,27:290,3
1361287936805896192,positive,0:81,0:83,12
1367742396230950912,negative,100:158,0:158,19
1360680037947613184,positive,0:188,0:237,11
1368221131258224648,positive,85:197,85:197,16
1366892539865751557,neutral,18:141,18:141,5
1367943542241394689,positive,0:102,0:102,1
1366411909390618624,positive,0:240,0:240,3
1368125362853474306,negative,0:85,0:85,4
1358822754548654083,negative,0:133,0:133,11
1359270337821614080,positive,3:166,0:212,12
1367180118909726725,negative,18:149,18:290,0
1365560138006945796,neutral,148:215,0:217,3
1366711834506633219,neutral,18:295,18:295,19
1366872609078525962,negative,0:92,0:266,3
1366874209071362052,neutral,188:255,188:257,21
1366500235317547017,positive,0:83,0:245,16
1359676138285654017,positive,0:258,0:281,16
1360955675199832064,positive,6:52,6:80,9
1365562765100859392,positive,0:50,0:50,0
1360899437992763395,negative,12:155,12:200,11
1366090545379106816,positive,88:224,88:224,4
1359857001262534656,positive,43:72,43:240,17
1367868969147904002,positive,0:71,0:73,4
1359151199086383105,negative,0:303,0:303,11
1360350158182088705,positive,0:218,0:218,11
1373553754625089540,positive,0:74,0:195,7
1361085484907311104,negative,116:256,116:280,4
1373143232356450306,positive,0:174,0:235,0
1367518408540061703,positive,0:74,0:282,1
1367855075624902659,positive,53:103,35:146,4
1366743727067131904,positive,0:254,0:254,4
1367204650437476354,negative,0:70,0:70,3
1368369946804301828,negative,90:146,12:237,11
1367856516930310144,positive,140:274,98:276,4
1366176101475758086,positive,207:246,12:248,4
1373618215213887491,positive,0:67,0:100,3
1367793068896706570,positive,0:248,0:248,4
1366234079549603841,negative,4:96,0:96,7
1366935791100964868,positive,12:211,0:255,4
1367381465303048192,positive,18:193,0:193,4
1366186542511910912,positive,48:127,48:225,3
1367874986258628608,positive,0:46,0:46,1
1367170522006622214,positive,43:172,24:285,3
1359652533518487555,positive,0:172,0:172,9
1360159163725172737,negative,0:49,0:74,11
1367865993633144834,positive,0:122,0:268,3
1367121661804175365,negative,24:239,24:239,3
1367190584566439945,positive,0:112,0:112,1
1367864802668802052,positive,83:182,0:182,4
1367812965882355714,positive,118:137,0:209,1
1360292235875672064,positive,32:131,0:133,20
1360696289172869124,negative,0:185,0:185,1
1367867667860779014,negative,0:261,0:261,20
1359955732255367168,positive,56:185,0:254,20
1367595817100541954,positive,59:161,8:163,4
1366978181752786949,positive,59:216,59:254,4
1365844321518317574,negative,139:253,0:253,4
1367163594316611584,negative,6:277,6:277,19
1367825824636928001,positive,39:85,0:85,1
1361163669963350017,negative,100:168,12:246,19
1360822287587368966,positive,61:256,0:256,11
1360671449342758912,positive,158:230,0:232,12
1360331641181323268,negative,0:123,0:123,11
1361041971775594496,positive,51:137,51:137,9
1368064864564899841,positive,67:74,0:76,16
1373386510297337861,neutral,97:180,0:214,3
1358645491731492864,negative,53:202,0:202,20
1368107045195575301,positive,6:269,6:269,0
1366729549673857027,positive,19:249,19:249,20
1367799986688172033,negative,0:121,0:247,4
1367676797773615105,positive,80:162,80:316,1
1367596760835661827,positive,42:132,42:264,3
1368297994001514502,negative,66:290,18:290,3
1367718796912300037,negative,18:252,18:252,19
1359691986345881600,negative,0:85,0:113,19
1367610499597148161,negative,54:207,6:207,7
1358722215601197056,negative,41:205,41:205,11
1366997724223188992,neutral,21:248,0:248,0
1367919236644012032,negative,6:204,6:204,19
1373259251506876421,positive,0:43,0:267,1
1367377120167567365,positive,64:84,0:231,0
1373728484091162628,negative,0:58,0:58,3
1373599148402958339,positive,9:49,9:185,1
1366170471167885315,neutral,0:162,0:164,4
1366859170411122693,positive,12:139,12:174,20
1367642009754869762,negative,6:251,6:251,5
1367646836190818308,positive,6:94,6:94,17
1359080426065850368,positive,23:124,12:154,20
1358612603367550982,neutral,92:226,6:226,8
1368371279066062849,positive,24:153,10:226,4
1366265162970193921,negative,10:230,10:230,4
1365687486635249664,neutral,22:65,22:123,6
1360936147564724224,neutral,159:235,0:235,3
1359493913422225409,positive,192:245,0:245,20
1365569624914472966,negative,0:238,0:238,6
1368184260205633536,neutral,0:196,0:196,3
1373620685881421835,positive,0:104,0:163,1
1360796779273453568,positive,11:93,0:203,9
1358675927400652804,positive,0:87,0:110,20
1366367986219646976,positive,0:47,0:67,1
1367360087484817411,negative,12:88,12:133,3
1365659359125131266,positive,54:190,0:190,3
1367852648758657027,positive,0:94,0:96,4
1366717877416587273,positive,96:140,0:190,0
1366786176443707393,negative,0:275,0:275,4
1366908154366152707,positive,15:30,0:55,16
1367713163374960642,positive,57:85,0:175,0
1360421264838463489,positive,0:119,0:158,8
1367520216092057600,positive,27:139,0:141,4
1368300110355042311,negative,148:258,6:260,4
1367890970742718472,neutral,21:151,0:151,16
1367851956635541510,positive,10:80,10:80,4
1367908303238488072,negative,0:130,0:130,4
1367412790705676288,positive,0:114,0:114,0
1368226940130369537,positive,6:97,6:97,1
1360020637100748801,positive,75:121,12:190,9
1367250527558529030,positive,20:133,6:243,4
1367212176365215748,positive,21:43,10:150,0
1368374814478589953,positive,0:26,0:28,1
1360093516106371072,positive,0:89,0:201,9
1373381702366732292,neutral,32:90,6:92,3
1366607658266976259,negative,136:214,136:216,4
1365958950500376576,negative,28:146,0:215,4
1368347698672377860,negative,6:156,6:288,4
1367258845047894021,negative,146:202,146:202,19
1368184729426669579,positive,49:116,0:116,4
1361333513895739394,positive,66:108,22:110,9
1367374626691588099,positive,9:93,0:93,0
1367130199905751040,negative,24:200,24:289,0
1367576750067228674,positive,23:105,12:105,4
1367865078368854019,positive,71:168,0:225,4
1367852543217438724,positive,0:29,0:29,1
1367993752371916803,positive,23:35,0:179,8
1360320204941758467,positive,0:211,0:225,8
1360878063735738369,positive,0:64,0:275,9
1367773263875694596,positive,6:135,6:135,1
1360682676349333506,negative,17:223,6:223,11
1373376403190784002,negative,31:87,0:211,3
1367980750948036610,negative,6:64,6:64,16
1367322102273953798,positive,38:266,12:266,4
1368071550889558016,positive,21:88,0:88,20
1367524551937114113,positive,0:46,0:105,12
1366678230539907073,positive,0:31,0:254,1
1368199568584826882,positive,0:97,0:97,3
1366741128175775744,positive,6:170,6:170,0
1367700859652427778,negative,0:60,0:60,4
1367361561233215489,positive,0:47,0:49,0
1361063637004222469,positive,6:62,6:64,16
1366992271170764800,positive,24:100,24:152,0
1367608452009381888,positive,0:131,0:176,1
1365986465679818753,neutral,0:58,0:102,3
1359900023220232199,negative,18:257,18:293,11
1367243806299488256,negative,60:239,0:239,3
1366877847642603520,negative,0:128,0:153,0
1367418476730535940,neutral,9:74,0:114,4
1367772118323191809,negative,0:85,0:100,4
1367162609091411969,positive,18:62,0:317,1
1367172826759901187,positive,87:214,87:214,4
1367084070719528964,negative,3:88,0:167,4
1359858140427223045,positive,30:72,30:72,9
1359682651620184064,positive,21:190,6:190,12
1367868806559768578,positive,0:52,0:52,3
1367390650677747714,negative,0:133,0:201,3
1366519250601435141,negative,17:95,0:249,0
1359226416320155648,negative,64:90,20:233,16
1368181540300222465,neutral,67:86,13:112,0
1367559906166001671,positive,0:103,0:103,1
1367492894639153164,positive,93:143,12:143,4
1360180875145609218,positive,0:261,0:261,20
1361300292827049985,positive,0:226,0:240,16
1366504429999058948,negative,52:169,0:200,4
1360455641534324738,negative,46:232,0:232,11
1359555715233382404,neutral,55:258,55:258,12
1359201301935046661,positive,70:133,51:135,17
1366756741971591175,negative,93:233,93:233,3
1361355148862357504,positive,0:198,0:279,8
1366928357800075264,negative,18:78,0:80,0
1368112681744531456,positive,183:242,183:268,0
1367958548672577541,positive,34:116,0:118,4
1366343525302951936,positive,0:114,0:168,0
1360279069640843267,positive,0:182,0:285,8
1366410135657205760,neutral,0:45,0:55,16
1367138131112128514,negative,0:190,0:190,19
1367150382573617153,positive,0:224,0:224,4
1367462191486689282,negative,6:251,6:251,3
1365728879944609793,positive,0:179,0:179,1
1366548243363020800,negative,177:209,177:250,4
1366076838360006661,positive,31:180,31:180,16
1366795456584560642,neutral,169:188,138:232,0
1367081047679139846,neutral,0:25,0:48,20
1367276199240687621,positive,17:74,17:228,1
1373184185880305668,positive,51:70,0:237,0
1367542432578101249,positive,170:222,134:224,4
1360597824354795524,positive,20:96,0:206,12
1366294684264456192,positive,0:169,0:210,4
1366282777184894979,positive,196:213,0:213,3
1368234190525722626,negative,0:123,0:236,4
1366154836341706753,negative,7:170,0:230,0
1366440634899443716,positive,38:123,0:155,4
1367514204962508803,negative,12:111,12:111,16
1365988689218781186,positive,0:96,0:96,20
1358894674765881344,neutral,124:182,115:184,20
1359568354340659201,negative,38:152,38:179,11
1367295455567245315,negative,0:251,0:251,4
1366751560282345476,positive,0:81,0:93,0
1367490322683617285,positive,77:133,0:232,3
1366158219899502603,positive,128:195,77:197,19
1365739448919601156,positive,27:160,0:172,4
1367442155640414208,negative,27:248,12:248,0
1367515918750937096,positive,243:324,6:324,0
1367801803413336068,negative,59:285,12:285,3
1358628727505080322,positive,34:74,0:76,19
1366575887647264772,positive,14:141,0:209,20
1366551485111099394,negative,76:154,0:156,0
1367553162488520710,positive,76:137,49:139,4
1367921436640354305,positive,77:154,0:238,1
1359998468429910024,negative,30:77,30:163,23
1366147978071785472,positive,0:93,0:93,4
1368313736818262021,positive,21:88,21:100,19
1367260132069892100,neutral,52:133,0:164,4
1358956230190919681,positive,52:136,52:136,20
1359951902570663938,positive,9:82,9:82,12
1368153805288845317,positive,0:176,0:187,1
1367865322632577026,positive,14:204,14:204,19
1367518535761747973,positive,30:79,0:108,16
1367644824229322753,positive,139:158,0:195,0
1360477689778343937,positive,0:221,0:221,11
1367117975468314627,positive,163:196,0:219,0
1367443964375097346,neutral,69:125,0:153,22
1367505729456799746,negative,30:66,30:126,16
1366870910343536649,negative,0:113,0:113,3
1373389855925866505,neutral,46:73,0:231,19
1367180474322313218,neutral,43:163,0:163,3
1361204307836743680,negative,0:142,0:142,11
1368198682907131905,positive,0:112,0:112,0
1367407725840326656,negative,46:77,18:141,19
1367027457526624258,positive,0:239,0:259,4
1366923613065068549,positive,62:95,0:168,0
1368190685531283465,positive,57:284,6:284,9
1368144206984790019,neutral,12:60,12:122,3
1367600540474093568,positive,4:92,4:199,16
1367062831233961984,positive,50:100,0:100,16
1365526827477979136,positive,61:126,20:126,4
1358720807040606209,positive,6:189,6:189,12
1367512408923791361,positive,98:117,0:210,0
1368257510168268805,positive,0:145,0:261,3
1360563145199255553,negative,82:126,12:128,11
1368203626594721801,positive,171:290,24:290,19
1373723014731243521,negative,72:155,0:251,3
1366875461146595335,positive,98:168,0:168,1
1373682574707453952,negative,49:123,25:123,19
1367467132867510272,positive,0:195,0:223,4
1359905287608623108,positive,31:118,0:118,16
1365692921018777600,positive,23:40,0:89,0
1360742135159521284,positive,6:156,6:156,9
1367760228951941123,negative,73:175,0:177,4
1373648489738080257,negative,0:205,0:224,3
1367161506526355460,positive,38:81,0:238,20
1367024431294337025,negative,14:254,14:254,3
1366971322107109380,positive,17:47,14:266,0
1367339831332896773,positive,0:88,0:88,20
1359142215390535681,positive,0:171,0:173,16
1359956274243395584,negative,0:155,0:155,8
1368224135139233793,positive,0:62,0:243,1
1365814157866598400,neutral,0:120,0:120,4
1367969802564866052,positive,31:253,0:253,18
1367090856662999046,positive,16:27,6:132,0
1365696392203694086,positive,25:78,0:80,0
1368275235309502475,positive,45:93,0:93,17
1365627657488977921,negative,9:47,6:92,19
1368234911816155141,negative,0:169,0:169,0
1366563667559526405,negative,6:229,8:281,4
1367196816534622208,positive,0:40,0:42,4
1367314173953122307,negative,12:167,12:204,19
1359163276987420675,positive,6:126,6:128,12
1367632451435065345,positive,0:153,0:153,0
1368251892791308289,positive,6:117,6:117,0
1358835402455601153,positive,0:198,0:247,19
1359716436969746432,positive,0:155,0:155,9
1366729653638074369,positive,36:62,0:87,0
1361383490760048642,positive,0:77,0:77,12
1359427270868312065,positive,110:117,47:283,16
1367885325658374144,positive,30:69,30:139,1
1367204740040392707,positive,19:38,0:105,0
1368104493221482496,neutral,0:106,0:253,4
1367108703309225985,positive,53:136,24:138,4
1367220039380856836,positive,0:178,0:231,20
1368202910706757638,neutral,24:104,24:226,3
1366829861797572610,neutral,0:216,0:240,4
1367401447562776579,positive,85:202,10:202,19
1366897780745265160,negative,0:133,0:171,3
1366601837642661890,positive,0:129,0:162,20
1360122962309832710,positive,0:87,0:215,8
1360779475848290306,negative,0:184,0:184,3
1368347261890142211,positive,0:81,0:81,4
1366334837418786816,positive,85:122,12:124,1
1367913626888200200,neutral,0:271,0:271,3
1360266413609484295,positive,49:201,0:203,11
1360614236087586818,negative,12:197,12:199,19
1367116626567520262,positive,5:101,0:101,1
1367213254334840833,positive,0:266,0:266,20
1361046856571244549,positive,33:130,33:216,17
1368199186500493313,negative,48:125,0:268,4
1366978700969988096,neutral,106:171,6:234,6
1367063505682255872,neutral,0:92,0:92,3
1365837467442548743,neutral,22:103,6:204,4
1367953982388400132,neutral,94:167,6:222,3
1368372194665897986,positive,46:130,10:253,12
1366896761994887171,negative,22:96,0:96,3
1365803754658881542,positive,151:205,0:218,0
1366691024622395398,positive,0:194,0:276,2
1368313857651970048,negative,37:252,0:252,3
1367797443459510273,neutral,12:137,12:242,4
1367131024099074052,positive,70:145,0:261,0
1367024576245424128,neutral,39:74,6:88,6
1367825199308148740,positive,0:234,0:234,1
1358881057756618756,negative,117:182,12:184,13
1360224818642251780,positive,0:154,0:154,9
1360105507051081730,positive,0:83,0:83,9
1367892800721854465,negative,24:100,0:127,4
1359499800245370882,positive,46:71,24:125,16
1367877081078595597,positive,11:189,11:189,0
1367513607710388227,positive,0:23,0:155,1
1360262698181746689,negative,10:129,10:129,23
1366713369084895234,positive,0:78,0:280,1
1359283115949256710,negative,0:193,0:283,11
1359998069526437890,positive,6:104,6:104,9
1367020636690931716,positive,65:85,0:109,0
1367128293946896388,positive,0:133,0:220,4
1367445636057071621,positive,6:62,6:64,1
1367502229574475779,neutral,133:250,0:250,4
1367578271597154308,negative,61:193,0:223,3
1359527741016723457,positive,0:56,0:58,9
1367255478334410752,positive,0:59,0:71,4
1367979551444307968,positive,167:222,6:224,8
1368267587059081222,positive,107:349,107:349,4
1367123818028785669,positive,0:178,0:217,20
1368276255263625219,positive,0:50,0:52,1
1367096738507591682,positive,58:283,6:283,8
1367992678839881731,positive,0:200,0:200,20
1367531900282294276,positive,0:76,0:110,1
1373585023455092737,positive,0:77,0:252,1
1366866393736507395,neutral,0:271,0:271,0
1367138085570416645,neutral,19:73,0:237,3
1358866662297112579,positive,187:214,0:332,16
1361398602082488329,positive,0:64,0:88,11
1367559075916091392,neutral,79:140,79:142,3
1360452535929212929,negative,15:257,0:271,11
1367862622599659522,positive,0:124,0:243,3
1365743514320068614,positive,8:124,8:124,0
1367945960018481155,positive,0:138,1:242,1
1367363128044908548,negative,82:133,0:135,4
1368288515914661896,neutral,0:267,0:267,1
1361327693975928837,positive,0:281,0:281,9
1367708804708659200,negative,12:167,12:167,6
1367945469855338497,positive,0:99,0:99,3
1366675359417081860,neutral,28:128,0:206,4
1360618888191500291,positive,30:140,30:183,16
1365809172844060681,positive,154:246,6:248,16
1368295739772829696,positive,0:76,0:76,1
1367149606627377153,negative,18:25,0:133,16
1359183563481116675,negative,132:246,132:246,15
1366993249689239552,positive,20:123,20:125,0
1367739067312570369,positive,17:198,17:198,1
1367293830089818112,neutral,18:136,18:136,3
1365557791797182465,negative,0:121,0:121,3
1367104635144523777,positive,7:58,0:145,3
1366852078463811586,negative,68:159,12:233,5
1367209929183023105,positive,28:69,12:103,0
1367814236156682245,positive,36:50,0:50,1
1368277156376154113,positive,101:244,21:246,11
1359287983061561344,positive,95:175,95:177,16
1368057303337930752,positive,18:71,18:73,0
1365796020831940613,positive,6:71,6:212,20
1366748220274040835,positive,102:125,18:150,0
1367534495591772163,positive,42:50,0:50,16
1367610630409056257,neutral,128:229,104:251,22
1367405073131835399,negative,10:192,0:194,3
1366847857035247617,positive,5:37,5:37,3
1361232215791833088,positive,0:61,0:61,12
1367807333385052168,positive,16:66,16:185,1
1361386844529643522,positive,0:120,0:156,12
1366334404558118912,positive,0:67,0:67,4
1367772400675356673,negative,5:118,0:159,3
1360108328773242886,positive,5:179,5:179,8
1366567687816679426,positive,0:182,0:182,12
1366953518528163840,negative,14:124,0:128,4
1360255057204293637,negative,38:275,38:275,23
1367165059097591817,negative,144:176,0:176,3
1367387329556590596,negative,6:267,6:267,3
1359221210488451073,positive,67:95,0:97,9
1367652617422139395,positive,129:226,0:228,4
1366732331252404227,positive,45:60,0:123,16
1366885447868309508,positive,43:82,6:84,3
1373177754812751872,positive,166:193,8:193,0
1367837517744050179,positive,0:52,0:52,1
1368139741422645248,positive,54:81,0:280,3
1366996641505419267,negative,76:121,76:123,19
1367565828607139841,neutral,22:119,6:121,4
1360384553894912004,neutral,0:222,0:222,11
1367535057200644097,positive,12:93,12:93,5
1373410619488149511,positive,28:97,0:99,1
1367190845397598208,positive,17:42,12:49,1
1367952102442549248,neutral,0:65,0:114,1
1367895665934794753,negative,44:248,6:248,19
1366119790029471752,positive,0:264,0:264,20
1367818466720239616,negative,7:215,7:276,4
1373650697263190021,neutral,19:213,19:213,3
1367600006077759489,positive,15:101,0:103,5
1361111114856026112,negative,6:49,6:51,15
1366504621729062914,positive,0:147,0:147,20
1359445465700446208,positive,98:165,0:167,20
1366698075427909640,positive,129:161,65:174,4
1366383294682697730,negative,0:153,0:155,6
1368147321649852418,positive,23:72,23:139,1
1367493672657428488,positive,140:148,0:233,16
1368274930677219331,neutral,93:214,93:263,4
1368016339248377859,positive,25:44,0:249,0
1359445092822618113,positive,0:255,0:255,12
1367592321919807490,negative,59:283,21:283,19
1367159342395518979,positive,106:153,36:155,4
1366851550862340108,negative,21:136,0:250,3
1368212637612470280,negative,68:111,18:215,4
1367364182585323521,positive,0:132,0:191,4
1366999154090795009,negative,9:113,0:115,20
1373327322758180865,neutral,56:163,0:253,3
1367954627581280258,positive,0:273,0:273,16
1366451367192240133,positive,20:74,0:74,4
1368280490118111238,positive,56:221,56:255,4
1359574934771666952,positive,6:95,6:95,16
1359103022597480454,positive,18:80,18:177,12
1367434400896487425,positive,7:122,7:182,0
1359825714971877376,positive,20:82,12:271,20
1367519799643951113,positive,19:90,19:90,1
1367525069031956480,positive,35:80,35:140,1
1368254009287524362,positive,89:184,0:186,16
1368278981888335874,negative,0:105,0:198,3
1366425588374908931,neutral,0:148,0:225,3
1368371400684183555,positive,51:131,51:133,4
1367219137513091072,positive,0:120,0:120,20
1373683613003358212,negative,83:153,54:234,5
1367619720166445059,negative,139:220,139:220,3
1367942928492945411,positive,6:206,6:208,0
1373466495490142226,negative,51:198,51:223,3
1358726820322037760,positive,4:181,4:181,12
1367783944398209026,negative,0:246,0:246,3
1358724060272803840,negative,0:156,0:176,15
1368396109056532482,positive,178:239,12:241,4
1368273966247337985,positive,113:127,0:144,0
1368156541166174213,positive,0:45,0:84,17
1366562302716166151,negative,93:112,8:187,0
1373715785542205459,neutral,0:62,0:98,4
1368164127844282369,positive,28:69,6:185,0
1366284106347249670,negative,225:303,24:303,19
1367456450633748480,neutral,37:229,0:229,3
1367566029828870148,negative,106:249,84:257,0
1366459579840794627,positive,19:165,19:217,20
1368192337071996943,positive,6:112,6:137,1
1360686499721842689,negative,98:246,0:246,15
1358703301970153472,positive,60:183,0:183,12
1366486292943486980,negative,12:133,12:267,0
1368273694695563266,negative,4:66,4:101,22
1366948631794827266,negative,0:136,0:136,4
1368248926780989440,positive,26:55,0:91,1
1365853621276078082,positive,0:161,0:248,3
1368287702433562631,positive,0:48,0:158,1
1368236448588107776,positive,12:106,12:141,5
1366479873619988481,positive,0:124,0:155,20
1366830165058281480,negative,35:100,35:100,7
1366477797586333696,positive,0:78,0:78,4
1367195280232349700,negative,57:238,57:238,19
1358929388767752194,positive,0:51,0:66,9
1359332002261008385,positive,0:146,0:146,9
1368233619731398665,positive,0:74,0:74,4
1361412687494746112,positive,0:96,0:96,9
1367503806817312775,neutral,0:110,0:231,20
1367216579084251138,positive,114:145,40:285,4
1367323172136054786,positive,44:272,44:272,4
1367139374396284932,positive,0:38,0:40,1
1373656334042812417,positive,223:277,157:279,16
1366714695328088064,positive,11:36,11:195,0
1366889948230606852,negative,80:259,12:261,21
1367203098717024259,neutral,6:189,6:189,20
1366727057321971712,positive,30:152,10:182,12
1367487917048930317,positive,0:45,0:219,1
1367166166729375745,negative,0:236,0:236,0
1367305452153896965,positive,192:295,18:297,12
1367566023516327936,negative,0:76,0:76,3
1366125053453111296,positive,0:57,0:97,12
1365667083225210881,positive,198:261,183:263,4
1359626502195851272,positive,0:273,0:273,9
1373468443446452225,neutral,25:81,0:83,3
1368192893068996609,positive,6:171,6:171,3
1367571149601730562,negative,246:284,246:286,0
1359766824854773760,positive,202:251,36:301,12
1359238691286364171,positive,83:168,0:226,12
1361333479456317445,positive,0:143,0:203,9
1366515706162941952,negative,0:31,32:179,4
1358690314664505344,negative,0:116,0:245,7
1368089926219132928,negative,0:232,0:232,7
1367579716065124353,neutral,12:268,12:268,0
1368141208174858240,positive,0:68,0:68,1
1367843772990689282,neutral,35:191,35:210,4
1361015778556919814,positive,23:182,23:267,20
1360214899394293764,positive,2:82,2:133,9
1373476649220542464,negative,8:236,8:236,3
1367719334223769602,positive,53:210,0:212,20
1366782906052587525,positive,0:82,0:96,16
1367815700346200078,negative,6:101,6:101,1
1368054021345452036,positive,27:80,9:215,16
1367027408759529473,positive,54:61,0:156,16
1360912103444516864,positive,12:258,12:258,12
1366936884954492928,positive,0:31,0:59,3
1367235888040796163,negative,0:71,0:73,19
1359239308545253380,neutral,43:147,43:204,19
1368057051872600067,negative,40:127,40:129,3
1366846747381760008,positive,33:58,0:112,0
1367539146127003653,negative,12:73,12:75,3
1366088231801024514,negative,24:245,24:245,19
1367303230695206916,positive,0:42,0:81,0
1359160838138040325,positive,69:123,69:163,20
1366507310839861248,positive,17:142,0:144,4
1368310488879280135,positive,74:190,0:273,3
1367140581126848512,negative,6:70,6:121,1
1368165456771702786,positive,0:34,0:101,1
1358561651734306816,negative,162:248,0:248,20
1361406739954995204,positive,51:218,0:218,12
1359863021670174721,neutral,0:57,0:106,20
1368500965746372615,neutral,0:96,0:113,3
1367150749067730947,positive,22:209,0:209,6
1365759282986311681,positive,68:137,0:257,4
1367783287008165889,negative,6:41,6:46,0
1373639603266150401,positive,28:259,28:259,3
1359248719628099594,positive,72:278,72:278,9
1366609447322288130,negative,10:76,10:90,0
1366805039474483208,positive,0:168,0:168,1
1367657119126814723,negative,169:258,6:260,3
1367813217368481797,positive,19:79,0:145,1
1360580350632579079,positive,0:33,0:177,9
1367567529678311428,positive,6:56,6:262,1
1358861028101140482,positive,0:63,0:213,9
1367053832354684929,negative,0:90,0:90,3
1365818561843888130,negative,22:226,6:226,4
1368195532544442371,positive,0:212,0:280,1
1366354269964754948,positive,0:116,0:175,16
1367514930853924865,positive,0:65,0:110,1
1367913096753291265,positive,49:196,49:196,0
1360069409746862083,positive,0:75,0:105,9
1367937887736451073,positive,0:19,0:126,0
1360915527921659906,positive,12:256,12:256,12
1367681472044425219,positive,6:65,0:65,1
1361174506581155840,positive,19:105,19:250,12
1368200995700932618,negative,0:165,0:273,3
1368304742393348108,negative,0:168,0:221,1
1367480539519811584,positive,0:71,0:73,1
1367056577446825988,negative,20:66,0:66,3
1359069514315534339,negative,37:44,0:258,16
1358963011893927938,positive,82:139,82:141,9
1366585623310647297,positive,0:53,0:53,4
1359742719963193355,positive,25:112,0:126,16
1366023180771549184,positive,38:226,38:226,4
1360091250678988800,negative,3:262,3:262,12
1373619855522463749,positive,68:103,0:253,3
1367656347479601153,negative,3:66,0:68,3
1368278172601618440,positive,12:174,12:174,0
1367022559619739652,negative,0:71,0:71,3
1365815789635465216,positive,6:171,6:230,4
1367995845828878336,positive,33:61,0:61,4
1365868936625938432,negative,50:92,6:110,4
1368208288437989379,positive,0:53,0:207,4
1367363019081138180,negative,63:235,0:273,3
1368276362478448647,positive,30:97,30:97,19
1366468951409102848,positive,11:94,11:122,20
1373539002410745856,negative,34:88,0:88,3
1359623091849031681,positive,12:153,12:263,12
1366032935229542401,negative,27:262,12:277,4
1367808789072773121,positive,0:94,0:128,0
1366055274981842950,negative,6:122,6:163,1
1361363431031414785,positive,53:244,0:244,12
1366479213990191105,positive,31:231,0:233,4
1367570686844272647,negative,0:184,0:184,3
1366160758443155457,positive,0:107,0:107,19
1367107643685416960,negative,24:264,24:264,19
1359746223679365127,positive,18:174,18:174,12
1368172817594916867,positive,6:56,6:56,1
1367886788929478660,neutral,42:54,0:54,0
1373584604230262786,positive,0:130,0:132,0
1360433294144385025,negative,18:107,18:107,16
1367485919272566787,positive,0:86,0:150,17
1367435766276759556,positive,28:195,28:195,12
1360936322127560704,positive,3:116,3:178,9
1368002106892947456,positive,95:138,47:277,4
1367714414963621890,neutral,10:240,10:240,3
1359641870863896577,negative,47:107,0:183,11
1366372545184878593,positive,18:155,0:155,12
1358970403050295296,positive,6:96,6:96,8
1360344306662268931,positive,0:186,0:186,11
1368085032540192769,negative,0:182,0:229,1
1373168880835780609,negative,9:67,0:173,3
1361369548788813826,negative,37:187,0:242,20
1360676362009280512,negative,53:168,17:168,11
1367879871339364353,negative,25:150,25:150,19
1360386441419833345,positive,0:45,0:148,9
1367300845650522113,positive,35:94,0:96,16
1367167565089435655,negative,14:64,14:64,3
1368362301007437827,positive,0:48,0:105,7
1361064936315777025,positive,56:167,0:208,12
1365683168666345473,positive,66:139,66:141,4
1358758796177375241,positive,158:245,97:245,8
1360233413060493314,negative,12:58,12:149,8
1368232344017137665,neutral,0:140,0:140,1
1367946583904559107,positive,121:147,18:249,0
1366948541101408256,negative,6:243,6:243,3
1367610663565205511,positive,72:193,72:195,20
1367947036956450826,positive,0:52,0:133,12
1367198283588845568,positive,101:310,101:310,16
1366974491792842754,negative,12:83,12:85,3
1359476853342429187,positive,63:278,63:278,12
1360644166825373704,positive,0:75,0:163,9
1366966016207691776,positive,5:201,5:281,4
1360167134924574720,negative,0:61,0:61,16
1366965844962471939,negative,0:120,0:120,3
1368133653516156931,positive,0:157,0:157,1
1365978326247030787,negative,57:231,57:231,22
1373669056889417738,positive,0:44,0:82,19
1359355805028544512,negative,0:122,0:136,11
1367264421224058894,positive,56:228,30:249,12
1368138697632342016,positive,129:227,0:227,4
1373553931197034496,positive,0:190,0:190,16
1360718561325498371,positive,12:165,12:199,9
1367107909000130560,negative,0:138,0:138,3
1367483669523402754,positive,87:98,57:251,16
1358527008859254784,negative,20:134,0:199,15
1367260067532140544,positive,116:135,59:188,0
1367344052723671052,negative,0:109,0:109,3
1368201004261511171,neutral,0:196,0:196,3
1368151860683575299,negative,0:267,0:267,3
1367544129576648706,neutral,7:205,7:270,22
1361121228258385923,positive,0:54,0:117,12
1367476123211235328,positive,35:64,0:174,0
1366866959976005634,positive,4:249,4:249,4
1367546649858494472,negative,24:103,24:196,3
1360628684147875842,positive,34:248,0:272,20
1368265383853973506,negative,42:116,0:254,4
1359282353236021254,negative,52:173,0:246,11
1367622711355183105,neutral,0:40,0:72,4
1366794060787286028,positive,16:177,16:177,20
1358750286735544323,positive,0:58,0:175,8
1367836535639400448,positive,0:16,0:18,17
1360211074486657026,negative,91:151,6:151,16
1368299494673018884,positive,183:209,183:211,1
1360324220157366272,positive,34:64,6:129,8
1367017496990031875,neutral,46:158,6:158,19
1366536532073586688,neutral,0:48,0:50,4
1368204008687628295,negative,0:67,0:67,22
1368218261117165581,positive,18:99,18:166,4
1367732069107781636,negative,26:45,6:57,0
1360235366532476930,negative,0:103,0:236,13
1368231787927793665,positive,0:75,0:75,4
1373197844107132932,neutral,25:80,16:119,19
1368170591707074561,negative,0:194,0:204,4
1366536420790255617,negative,0:117,0:117,4
1367778882800267266,positive,0:155,0:183,4
1365798828679520260,positive,92:157,76:247,4
1366559899564531713,positive,0:53,0:80,0
1366692501810216962,positive,0:223,0:223,20
1367546772197933064,neutral,0:85,0:85,19
1373407285922439170,negative,0:178,0:178,3
1367134030542430211,neutral,6:254,6:254,16
1367873275364339712,positive,62:106,0:108,17
1366180497433497602,positive,47:54,0:257,16
1368306189302370304,positive,12:133,12:135,4
1360326507294576640,negative,18:81,18:238,11
1365749538850549760,positive,27:228,27:250,0
1366420613183766530,positive,0:34,0:36,16
1365894342750003200,positive,63:243,63:243,3
1367438428871282688,positive,0:123,0:133,1
1359883123580940291,positive,208:237,26:253,8
1360465401126113282,positive,21:74,21:74,9
1368167073487220738,negative,54:271,54:271,3
1365740691733757952,negative,49:96,0:110,3
1368081714497662977,positive,0:101,0:103,3
1366550447755055104,negative,0:149,0:269,4
1358717375529558019,positive,33:73,0:73,16
1367581750327615494,negative,24:230,24:230,4
1373639148075094021,positive,0:52,0:173,1
1359522063074152448,negative,0:98,0:98,11
1361325464183308288,positive,19:175,0:175,12
1366841294841069569,positive,122:167,122:280,1
1359702827942215681,negative,12:243,12:243,12
1367450304363511808,positive,0:56,0:56,1
1366595684212699137,negative,22:249,0:249,23
1365728390729191426,negative,81:163,24:294,18
1368126008432410624,positive,0:101,0:101,1
1367126083200573443,negative,0:68,0:70,7
1360276997554008067,positive,0:61,0:214,9
1367094417417527296,positive,0:242,0:242,17
1366947510003105799,negative,0:74,0:76,3
1366757814568423428,negative,0:81,0:81,19
1367848455226425344,negative,41:77,0:77,4
1368244969161584646,positive,42:248,0:250,20
1360098817161461762,negative,8:117,8:194,0
1367167753530957826,negative,0:63,0:63,3
1366127858674982929,positive,30:254,0:254,5
1368247707563921411,negative,0:59,0:59,3
1368271871922307074,negative,24:296,24:296,3
1367733094652985344,positive,0:77,0:91,0
1367910744398852098,positive,0:234,0:234,12
1373473011995529217,negative,124:187,0:226,3
1359985364748951555,positive,195:220,195:241,16
1367187705856221190,positive,78:223,51:223,8
1358689719027003392,neutral,6:132,6:132,20
1367156837905281032,positive,27:87,0:289,1
1367700828115505157,neutral,0:155,0:155,3
1361396605736398851,positive,0:109,0:109,12
1361104234683326464,positive,34:132,6:195,12
1366831591213969413,negative,0:69,0:69,7
1368255760979877889,negative,0:132,0:196,1
1367088949450010633,negative,0:148,0:243,20
1361031334966214659,positive,0:108,0:315,9
1367596489166499847,positive,37:131,0:133,20
1367892603522478081,positive,31:130,0:130,4
1366201588226777091,neutral,24:140,24:301,0
1367994289943412738,neutral,25:173,2:173,16
1367586571415777280,negative,347:366,300:368,0
1367796101009539074,positive,117:182,27:184,20
1367892497016426500,neutral,82:237,64:237,4
1367059968302710786,negative,0:56,0:56,3
1360219339975258113,neutral,69:134,69:279,15
1367456435639058432,neutral,0:277,0:277,4
1360258394016206853,positive,0:110,0:110,8
1366755535857410054,negative,92:251,0:251,4
1360146777484189697,neutral,91:268,6:268,20
1367824872211165184,neutral,0:282,0:282,3
1358570597807058944,negative,71:263,71:263,11
1361361734716522504,positive,0:177,0:243,12
1367688251545251843,positive,84:153,0:155,4
1367976418899095554,neutral,0:66,0:68,3
1366708369583599616,negative,54:203,0:205,4
1367576286294515713,negative,0:107,0:201,3
1367523005786714115,neutral,88:168,21:200,19
1365945130683953158,positive,91:147,91:191,16
1366896234363904001,negative,24:83,0:192,4
1367900469138427915,positive,7:99,6:267,1
1365796236423426048,positive,0:69,0:69,0
1367907114174316544,positive,86:167,25:280,12
1358878311410061312,positive,8:34,0:38,8
1367136872783314944,positive,34:202,0:202,16
1367109821267378178,negative,0:155,0:198,6
1367976978037567491,positive,0:84,0:84,12
1366325233590833152,positive,25:224,0:224,20
1360927605441114117,negative,156:255,44:255,19
1368123224379293696,negative,123:254,12:254,23
1367873780572430342,positive,15:136,0:174,0
1367779737351946242,positive,90:121,0:155,0
1367845763221516290,positive,6:202,6:202,1
1367898415254867973,positive,61:100,61:165,1
1368338302881984513,positive,55:231,55:231,0
1360802404522881024,positive,34:147,34:212,9
1367167839078121472,neutral,12:118,12:166,4
1367504997777301507,positive,0:93,0:93,1
1367460530902999040,positive,49:93,0:280,0
1367426075047976961,positive,0:150,0:150,20
1366783637266386945,negative,37:72,0:83,0
1368288823826907136,positive,0:50,0:198,1
1367231916982812673,negative,0:66,0:68,3
1365980111091081220,positive,11:113,11:277,16
1368234750423498752,positive,0:257,0:270,16
1367048986440445954,positive,0:43,0:210,0
1359575972941619204,negative,6:156,6:156,15
1367095274255110146,negative,38:271,0:271,19
1367850359029399552,positive,24:94,9:94,4
1366949654668091396,negative,0:70,0:70,4
1367728726411206657,negative,17:36,6:78,1
1367676569192382467,negative,111:161,111:161,3
1366720466342326272,negative,0:180,0:180,6
1360346431924690946,positive,0:119,0:119,9
1368147195917176834,negative,205:281,0:283,4
1359932966785282051,positive,89:272,6:272,8
1359969540508176386,positive,11:102,11:104,9
1367085419976884227,negative,73:153,0:205,4
1367853376059375621,positive,0:68,0:83,0
1365803771012526081,negative,46:176,46:218,4
1367818353298051077,positive,70:101,0:142,3
1358801599116660739,neutral,6:195,6:195,20
1360516098500739076,positive,6:50,6:50,9
1361241333889982466,positive,49:282,0:282,11
1366909956063195150,neutral,0:85,0:85,20
1365639399791296513,neutral,0:101,0:101,4
1361296942400176131,positive,12:150,12:150,16
1367779840250765313,negative,0:60,0:60,3
1360329547162390530,positive,33:265,6:265,12
1373350508358946818,neutral,0:65,0:252,3
1368319603378683904,positive,6:160,6:268,4
1368077652003786758,negative,0:36,0:77,19
1368141596051398658,positive,73:124,6:140,0
1367787299518418944,positive,18:79,18:79,16
1366542292916400129,negative,75:145,75:147,4
1368218390268178432,neutral,87:125,0:283,19
1366889893553700864,negative,0:67,0:255,3
1361058689218727944,negative,0:226,0:285,9
1367100200003776513,neutral,29:131,0:131,3
1367894798439448577,positive,104:213,68:215,16
1366491193652113410,positive,0:84,0:84,20
1367251092334141446,positive,43:214,39:260,12
1360332471020245002,neutral,0:235,0:235,11
1367945765306445829,negative,0:193,0:193,7
1366827949798936576,positive,13:94,0:106,16
1360706577322414091,negative,0:61,0:177,16
1359167565264732161,positive,0:74,0:74,9
1367794011495366656,positive,0:27,0:38,1
1367596386905174018,negative,0:264,0:264,5
1367113535122116613,negative,0:81,0:89,4
1359551595512496130,negative,42:80,0:80,21
1367052779588644866,positive,21:132,0:134,4
1367088504732319744,negative,0:75,0:75,3
1367464016172494852,negative,127:252,127:261,3
1367241958826139648,positive,68:237,68:237,12
1360373105487675394,positive,34:241,0:241,12
1358903839160688643,positive,28:207,28:207,5
1360238962493767680,positive,32:48,0:100,16
1360863047494098944,positive,12:197,0:199,16
1359557307823251462,positive,116:255,0:282,9
1358764614067044354,neutral,64:100,0:128,11
1359128866963546114,negative,0:228,0:228,9
1358780706185486336,negative,0:77,0:98,11
1360149756853551104,negative,0:137,0:137,11
1361021514980745218,negative,36:112,36:186,19
1360313873556008960,positive,16:164,16:164,12
1360476823868502016,positive,0:155,0:155,12
1359555301494562823,positive,0:87,0:107,9
1360018076134035457,positive,0:73,0:165,12
1360399801922248707,positive,6:49,6:72,9
1361299994515562496,positive,59:269,12:269,11
1360311442604490763,negative,2:198,2:255,19
1360366771220271107,positive,30:238,30:238,12
1358784282609688578,positive,32:245,0:247,15
1359531868211867649,positive,0:187,0:187,12
1358830561339596806,negative,24:177,24:312,15
1358854313465044995,negative,0:77,0:77,4
1358988135464460290,negative,77:89,0:210,0
1359691877763723272,negative,0:232,0:232,11
1360037227070251014,positive,12:36,12:38,8
1361071475202150400,negative,0:74,0:189,9
1361203589708996608,negative,0:146,0:259,14
1359500701102198784,positive,25:111,0:111,20
1359463456731193345,positive,0:52,0:118,9
1360737048244715522,positive,0:7,0:240,8
1361248237806628864,positive,114:176,0:176,12
1359581239368384520,positive,82:115,0:121,9
1360385895556333574,positive,0:91,0:142,16
1360107541150138372,positive,0:215,0:215,20
1359195251810910214,positive,20:282,20:282,12
1361217089130745856,positive,58:116,18:152,9
1359977815433699338,positive,0:101,0:135,9
1359249756489273346,negative,13:71,13:71,0
1359944754394402817,positive,6:99,6:99,12
1360040827100098562,positive,0:75,0:75,9
1360062756448329728,positive,46:119,0:119,12
1359921505593937920,neutral,0:101,0:101,11
1360520318964670464,positive,31:245,0:245,11
1360026888547168257,neutral,10:201,0:266,12
1358773148095827969,negative,18:155,18:265,4
1360650598358659074,positive,0:20,0:46,19
1359523607098048513,negative,0:194,0:214,11
1359970580481650694,negative,6:225,6:225,8
1360733241293099010,negative,0:70,0:70,11
1360754905921822720,positive,0:130,0:130,9
1361348789261520896,negative,0:88,0:276,14
1359690435950563335,negative,6:185,6:222,11
1361373660154646529,positive,65:224,24:280,9
1361014374165581826,neutral,6:89,6:119,12
1359219316013420545,positive,45:268,6:268,12
1360607665706184704,negative,127:184,62:184,15
1359940391726948352,positive,0:91,0:202,12
1361278939130458117,negative,18:256,18:256,15
1358562128794439684,positive,44:133,18:261,19
1359506991727710209,positive,0:211,0:265,12
1361075773038358529,positive,57:132,57:139,11
1361255681626636288,positive,25:193,0:228,12
1360231735506665472,positive,24:243,0:243,12
1359722980444680195,positive,18:162,18:172,4
1359350846148993024,positive,54:188,6:198,9
1360300894248574985,positive,26:267,26:267,20
1360580243182993412,positive,0:146,0:146,9
1361042367495692294,positive,12:231,12:231,8
1360480345318166528,negative,32:74,6:74,15
1360742050757545991,negative,0:177,0:215,11
1361369748676612099,positive,24:90,0:90,12
1360008252273008642,positive,29:188,6:252,9
1360525505888403458,negative,54:122,54:163,19
1361008126531624963,negative,6:46,6:83,15
1360217655068807170,positive,0:78,0:100,12
1360318529304731655,positive,0:33,0:103,9
1360208187010523138,negative,46:174,46:217,11
1360943626872901633,negative,6:204,6:245,11
1359375873175138304,positive,71:247,0:247,20
1361078337557254149,positive,12:85,12:126,9
1361131683924172800,positive,0:55,0:57,12
1358851512567496710,negative,18:146,18:146,11
1360574950357094402,negative,61:173,0:173,11
1359167048979537926,positive,0:49,0:151,9
1360022385756237825,positive,36:43,0:83,16
1358731438661771265,positive,27:103,27:103,8
1360571958966951937,negative,0:222,0:222,11
1360920386234376194,positive,35:71,0:71,0
1360133941466906627,negative,0:74,0:76,23
1361414891081375749,negative,11:185,6:234,12
1359751041626083331,positive,6:21,6:29,8
1359851228616945669,positive,10:41,0:43,9
1359809299741081600,positive,0:34,0:191,9
1359275219932696578,positive,0:63,0:78,9
1358865961210810375,positive,6:114,6:169,9
1360188412335034368,negative,229:236,0:256,16
1360085377575313411,positive,13:76,0:76,12
1361251391897919488,positive,61:311,30:311,20
1360585920571990018,positive,6:74,6:253,9
1360435018926088198,negative,0:285,0:285,9
1359925100359938053,positive,6:221,6:232,8
1360141096404144132,positive,0:44,0:46,9
1359519805636763648,positive,0:62,0:112,19
1361080472218988544,positive,6:69,6:97,20
1358964896004734976,positive,0:60,0:60,20
1361161677333479431,negative,0:189,0:268,11
1360563624889118721,positive,5:166,5:181,11
1359490564828332032,positive,37:105,0:105,20
1361018916525527041,positive,0:66,0:244,9
1360248034496544772,positive,0:162,0:203,9
1361234911655587845,negative,6:190,6:190,15
1359295011242795009,positive,19:229,19:229,12
1360705751929470984,negative,0:193,0:193,3
1359122816893919233,positive,38:92,38:247,9
1358794376600817670,negative,80:106,0:275,0
1360326316730568712,positive,0:154,0:235,8
1359055564018442240,negative,6:261,6:286,16
1359664528540250116,negative,5:226,0:226,11
1360283573694181379,positive,0:40,0:58,9
1359591260152037380,negative,0:193,0:193,12
1361421138564317184,positive,12:179,12:207,9
1359946547887243265,positive,65:198,35:233,12
1361362162124546053,positive,0:76,0:98,12
1361398512282402823,negative,24:64,0:70,15
1361201502992404481,positive,0:112,0:173,12
1358627373407682562,positive,0:71,0:187,12
1360196074623803393,positive,6:49,6:77,12
1360398446709080065,positive,0:52,0:81,9
1360797912041590784,neutral,0:57,0:153,11
1359885116244250627,negative,0:89,0:267,11
1359447357247664128,negative,44:118,6:120,12
1360944586730860553,negative,50:238,50:277,11
1359229072933543946,positive,16:161,16:268,11
1359947746107674625,negative,0:118,0:156,15
1361360881473507329,negative,54:151,6:232,15
1360226946127388673,positive,38:224,0:224,11
1359505217834913802,positive,0:37,0:227,17
1359641569448628229,positive,6:237,6:237,9
1358789328021905409,positive,0:74,0:118,20
1358945086034313218,negative,130:207,0:209,11
1361404692186632193,negative,0:83,0:172,15
1359726355206840322,positive,112:232,0:234,12
1359098554090999810,positive,6:93,6:93,8
1360320029045227525,negative,11:240,0:242,19
1359965757900279814,positive,0:43,0:51,12
1359482422820241410,negative,52:259,0:259,11
1360274601062842375,positive,0:122,0:122,9
1359784743160709120,positive,0:137,0:218,20
1359592557941051392,positive,38:133,0:145,12
1361040901011742721,positive,9:55,0:55,12
1360228084826447874,positive,0:150,0:179,8
1361025982925320194,negative,145:218,30:220,12
1361225495891828737,negative,0:229,0:229,12
1359544727612190722,negative,0:166,0:217,11
1360043793706147842,positive,19:61,19:257,9
1359996665642516484,positive,0:142,0:204,9
1360572829968826370,positive,0:123,0:123,9
1359970141895819264,positive,0:205,0:232,12
1359530728606879744,positive,0:60,0:62,8
1361000588897583106,positive,6:67,6:273,11
1360627293182451712,positive,0:205,0:228,16
1358555682396532738,negative,40:220,6:220,0
1360922589003137025,negative,11:218,0:218,11
1359632405032620032,positive,0:115,0:232,9
1359512405240348678,negative,6:271,6:271,12
1361417338902376450,positive,0:57,0:89,9
1358784442265927683,positive,6:172,6:207,16
1360396300395503616,negative,21:94,0:107,11
1360337909954605062,positive,0:156,0:156,12
1361395087264071685,negative,12:274,12:274,19
1361117902599036935,positive,0:42,0:238,9
1358764229332004868,neutral,6:61,6:86,20
1359135921069821952,positive,0:129,0:218,17
1360690897319518210,positive,34:116,0:118,4
1358550860473790469,negative,6:82,6:235,4
1359474637885878272,negative,18:266,18:266,11
1360587739163365378,positive,75:201,4:219,11
1360186335416451072,negative,0:286,0:286,23
1360660273242263554,positive,25:193,0:202,12
1358901695783325702,positive,0:181,0:181,12
1360614642536636419,positive,0:107,0:166,9
1359245084366151683,negative,46:229,0:229,11
1359570200513961984,negative,85:282,0:282,15
1360089421580795904,positive,0:79,0:81,12
1359595724820934658,positive,0:122,0:258,12
1361419386632900610,negative,24:263,24:263,11
1358567485323182080,positive,2:120,2:271,12
1360905574712561665,positive,18:82,18:229,9
1360256951968534529,positive,0:139,0:139,12
1361178334047002629,positive,0:251,0:251,12
1360918448688218112,positive,43:168,6:170,12
1359378409588203525,positive,0:105,0:232,16
1360808484707700736,negative,0:32,0:32,19
1360777045958144001,positive,6:60,6:60,9
1360224740636581895,positive,0:220,0:220,9
1359120379529342981,negative,0:90,0:92,11
1360609609807876096,negative,42:156,0:156,11
1360243157041111040,positive,34:197,34:197,9
1360579030295191559,positive,13:67,0:210,9
1359517742739685378,negative,0:256,0:272,11
1360252304381812738,negative,133:219,69:281,12
1361022869904519175,positive,10:176,0:207,20
1360035278526767105,positive,0:41,0:41,9
1360311203587891210,positive,0:92,0:92,12
1361126433645453312,negative,67:156,0:255,15
1361101253607096331,negative,53:191,53:197,11
1361424470515322882,positive,11:85,0:87,12
1360700829523529730,positive,0:15,0:62,16
1360368126139928577,positive,15:262,0:262,11
1358938252401537024,positive,0:51,0:51,9
1360742288062771201,negative,0:117,0:119,4
1361265311467462658,negative,0:131,0:133,11
1359437126144827393,negative,17:266,17:277,12
1360349926392233989,positive,0:38,0:73,9
1360530102660993025,positive,81:201,81:201,12
1359683573880651785,positive,0:129,0:147,8
1361247845668577282,negative,0:76,0:76,8
1359505751107108865,positive,21:142,0:244,12
1359423815231619075,positive,0:114,0:114,12
1361357349592707076,positive,57:139,0:141,12
1360045769667997696,negative,30:277,30:307,4
1360238620767043589,positive,6:40,6:234,9
1360591891465650187,negative,50:266,0:266,15
1361182606113480705,positive,6:47,6:176,9
1358626683260194818,positive,26:103,0:105,20
1358544262544113671,positive,70:231,12:231,12
1360461452419747843,positive,0:134,0:134,12
1360917652332564480,positive,29:146,29:146,9
1361280733268992002,positive,0:61,1:75,12
1360123144019714048,negative,40:98,40:191,11
1361332967231131652,positive,39:287,39:287,9
1360557543332847616,positive,6:230,6:230,9
1360593458990227459,positive,14:218,14:218,11
1360111952165539841,negative,21:94,0:162,12
1359900603686739970,negative,37:247,12:247,11
1359949680046702593,negative,12:107,12:259,4
1361279428316299264,positive,25:77,0:77,12
1360222779971416071,negative,31:164,0:164,11
1359883826391040003,negative,86:275,6:275,9
1360129192575201283,positive,0:74,0:76,9
1360615363797528579,positive,0:76,0:108,9
1361277604888682501,negative,6:75,6:119,11
1360591682530668546,positive,6:155,6:231,9
1359556738681364482,negative,0:233,0:280,15
1359554831132676096,positive,0:151,0:186,9
1361283974308507651,positive,0:60,0:83,12
1360268938580533251,positive,0:148,0:191,12
1359705730119524356,positive,0:265,0:265,12
1360366747589705730,positive,0:74,0:114,9
1360255967300972545,negative,111:274,12:292,11
1359595138302021633,positive,0:185,0:185,12
1359985246507130884,negative,0:107,0:228,11
1360240566966099971,positive,11:93,0:93,11
1359181057225068545,positive,0:77,0:79,16
1360827035795345411,positive,0:118,0:118,9
1360005097980366851,negative,230:277,12:279,15
1358786453736685569,negative,82:250,18:250,11
1359552031518695426,positive,0:30,0:49,9
1361239814721458176,positive,0:89,0:180,12
1360276873578708994,negative,0:78,0:78,8
1360291503856373763,positive,0:279,0:279,11
1361419937630199809,negative,46:122,3:268,11
1360559701671444480,positive,16:78,6:80,9
1359529815339110411,positive,0:53,0:109,0
1359616575037452290,negative,29:277,0:277,23
1360487991794360324,negative,12:270,12:270,19
1360748505204224001,negative,0:181,0:236,11
1359203058375344130,positive,11:176,0:176,10
1359583745154551808,positive,21:104,0:168,12
1359256939759288322,positive,0:45,0:84,9
1361096652388519938,positive,0:73,0:73,12
1359888161103609859,positive,68:136,68:156,8
1359823217943326723,negative,0:156,0:214,13
1359521027215228929,positive,12:99,12:214,19
1358659459376164869,positive,36:163,36:203,20
1361328414691635200,positive,114:235,114:235,20
1361147688004247556,positive,12:175,12:215,12
1360207160601411587,negative,0:57,0:57,11
1358806058295119874,positive,116:205,61:205,8
1360029513271320576,neutral,0:196,0:196,11
1358998488734986241,positive,5:86,0:86,9
1360695351494266883,positive,37:71,0:110,9
1360615489572118530,positive,74:196,24:196,12
1359962538142801920,positive,0:57,0:59,9
1360895182531481603,positive,39:150,6:152,20
1361287285321457670,positive,12:75,0:75,12
1360716924947206158,positive,6:87,6:99,9
1361358876675878916,positive,21:58,6:127,9
1361087037101780995,positive,12:64,0:66,12
1360385809287794691,positive,12:187,12:292,20
1360508407342505989,positive,115:351,115:351,19
1360457922707292163,neutral,0:50,0:92,20
1360925607773757443,positive,67:175,12:175,12
1361162296131788802,positive,6:124,6:201,8
1360454093735534597,positive,48:241,48:241,19
1360927303900012545,negative,12:232,12:260,23
1359997498811703300,negative,25:134,6:154,12
1359551717696806915,negative,6:96,6:124,11
1360920685028270081,positive,12:258,0:258,12
1359613686474805253,positive,35:156,0:156,18
1359455181268746242,positive,0:296,0:296,9
1360056727140450310,positive,0:163,0:184,12
1361326793744072713,negative,56:258,56:285,15
1360446213619933184,positive,0:97,0:119,9
1360040148029825030,positive,0:153,0:254,12
1360220816105963523,positive,0:31,0:33,9
1359818369365463042,positive,0:35,0:66,8
1358895424086581249,negative,0:62,0:62,11
1359127871252488192,negative,3:204,0:204,15
1360271721023045633,negative,0:175,0:175,11
1360051015593172993,positive,38:77,12:283,11
1360031631029854219,positive,6:237,6:272,11
1360152885644955650,negative,99:296,6:311,11
1359552841220829187,negative,55:250,0:250,11
1359315584681267202,negative,12:104,12:140,4
1358555058879688707,positive,27:69,6:273,9
1361376691982008320,positive,98:112,0:172,17
1359550533346934785,positive,0:86,0:135,12
1360639704048295953,positive,0:187,0:283,9
1359208334071652356,negative,80:118,0:141,11
1361031363160326151,negative,6:97,6:99,23
1360510000083394560,positive,124:280,0:280,11
1361171578734665729,negative,12:279,12:279,8
1359695558634471429,negative,0:79,0:79,19
1361093232826998786,positive,125:142,18:246,16
1359978888831639552,positive,0:202,0:239,20
1360994158740197378,negative,56:131,0:131,13
1359158050775515136,positive,0:255,0:255,10
1359445163941109761,positive,86:100,67:302,8
1360694483986300928,negative,12:30,12:74,23
1358961343039217665,positive,39:196,0:254,9
1360577941361557505,positive,6:56,6:56,9
1360573035757985798,positive,72:221,72:284,8
1359816361355190272,negative,45:217,18:217,23
1361374438952943622,positive,18:95,18:110,12
1360330240082477060,negative,12:165,12:267,11
1361332093565853698,negative,53:107,6:163,8
1361383900044402689,positive,12:131,12:175,20
1361079125226573824,positive,12:210,12:210,12
1360780490203136005,positive,0:52,0:54,9
1358842993747263490,positive,0:40,0:40,9
1359743520408436736,negative,18:253,18:253,11
1360225045633769476,positive,0:233,0:233,12
1359882481017757700,neutral,8:83,0:85,12
1360395542673645568,positive,0:20,0:46,19
1359866478347120643,negative,15:199,15:199,16
1361332027505672192,positive,0:62,0:62,8
1359981503757836292,positive,0:73,0:73,12
1361233442713829376,negative,0:219,0:283,9
1359904859139563523,positive,54:130,0:217,9
1360209207396597761,negative,20:204,20:204,15
1360154163112538112,positive,108:168,18:170,9
1359782903127883777,negative,88:204,7:206,9
1361110057744760834,positive,19:90,0:100,11
1360521417880522752,positive,37:137,6:137,11
1361313915808993280,positive,20:85,0:85,12
1361360262201110529,neutral,0:190,0:263,12
1361183981673189376,negative,32:289,32:289,15
1360323792090763266,positive,0:54,0:65,9
1359448520936333321,positive,0:73,0:73,10
1360322184233779207,positive,0:134,0:134,11
1361035739060985866,positive,0:51,0:118,9
1360791347683155969,positive,64:128,6:226,9
1358939561309577216,positive,43:156,0:221,12
1359938977604788232,negative,44:157,18:157,11
1359988111909003266,positive,6:160,6:160,9
1360223971195707392,positive,0:80,0:97,12
1360504324321800195,positive,67:294,42:294,20
1358592659611394051,positive,0:54,0:68,19
1359599050157412354,negative,0:176,0:176,11
1360050105857040392,negative,10:136,0:136,9
1359071966414659584,positive,38:78,6:78,20
1361315655497228289,positive,0:64,0:64,12
1359933774650347525,positive,38:96,6:96,20
1360957968892768256,positive,18:250,18:250,3
1359993857728012293,positive,0:60,0:100,9
1359238773020651524,positive,0:112,0:132,3
1360631659742326789,negative,0:61,0:90,16
1359509237928370177,positive,52:102,0:102,20
1360013124087160834,positive,25:105,0:166,9
1359486224403230723,negative,0:203,0:283,15
1360397638361833473,negative,0:31,0:84,19
1359827845711880195,negative,0:82,0:84,15
1361036929769308161,positive,0:188,0:188,11
1360931623080984584,negative,66:116,0:118,15
1359751439690645505,positive,6:248,6:248,8
1361321075498487809,negative,12:198,12:198,11
1361203077122977797,negative,0:144,0:264,15
1361400622256435200,positive,21:77,0:77,12
1360171947808722946,positive,0:103,0:201,12
1359541837418008580,positive,13:100,0:100,4
1359486858951077888,positive,23:34,0:59,0
1360101699797590033,positive,45:52,23:96,21
1361031972374544387,positive,0:58,0:58,12
1359713524990156800,positive,6:166,6:192,9
1359539059912228871,negative,50:244,0:246,11
1358919728966864897,negative,0:29,0:29,11
1360310677630406658,positive,0:190,0:190,12
1359905941169307650,negative,6:97,6:275,9
1359609776565592068,positive,41:194,0:244,12
1360183809820545025,negative,0:100,0:197,19
1359678033884377089,positive,8:51,8:87,9
1360551907287269376,negative,0:267,0:267,9
1360618793853214724,positive,207:294,207:294,9
1359981905714810884,negative,26:152,6:154,11
1361323580093521922,positive,0:137,0:239,20
1359642317288861704,positive,27:95,12:97,9
1360386648224137217,negative,0:172,0:208,11
1359492733124108294,positive,6:79,6:79,11
1360303742919340045,positive,0:40,0:123,9
1360693955755577346,positive,0:48,0:50,9
1358912704837206017,positive,0:146,0:148,19
1359041506942849024,neutral,28:206,12:206,19
1359776846011842560,positive,52:200,18:231,11
1361079694234439687,positive,14:62,0:64,12
1359652477843472386,positive,64:102,12:298,9
1361041705806540802,positive,0:111,0:111,9
1360408121051672577,negative,0:272,0:272,11
1361393192373870594,positive,0:182,0:221,12
1361333326523564033,negative,0:185,0:185,11
1360978980850053123,negative,0:218,0:218,11
1360479360042430468,positive,59:213,0:238,12
1360679243034861576,positive,0:49,0:66,8
1359728999962845195,negative,22:134,22:176,11
1358813363401330690,negative,54:203,54:203,11
1360138343586156545,positive,125:212,100:234,0
1360643999816638468,positive,0:97,0:215,21
1359713863529189380,positive,6:242,6:283,19
1360683338206375936,negative,0:193,0:193,12
1361264271431266306,negative,0:95,0:97,12
1360885618033659906,negative,110:141,0:236,0
1360278978192306177,positive,104:229,0:279,12
1359837516044660737,negative,0:192,0:192,11
1359755528889655298,neutral,0:88,0:88,20
1361209484232830978,positive,1:75,0:118,9
1359305986649956352,positive,12:230,12:230,9
1360949763919732740,negative,207:257,29:262,15
1361042581396852742,negative,0:126,0:131,12
1359520395355848705,negative,117:139,114:141,19
1361361289684033540,negative,24:99,24:158,11
1361263111672500229,negative,12:155,0:181,11
1360603535382114304,positive,0:148,0:148,20
1359918055141371905,positive,31:80,31:88,8
1360373185548410890,positive,0:120,0:168,9
1359662521339285504,negative,0:73,0:171,12
1360590748853370883,neutral,0:91,0:91,11
1360357563360022529,negative,6:83,6:147,11
1361005381187751942,positive,0:183,0:251,9
1361023629341978626,positive,0:40,0:89,9
1361334315766976514,positive,6:98,6:184,9
1360333229224525834,positive,9:83,9:83,12
1360434634564198401,positive,0:105,0:105,9
1358800108389818369,positive,11:124,0:158,12
1360307344152948741,positive,0:84,0:152,9
1359476355394658305,negative,0:84,0:182,12
1360621303150092292,negative,12:288,12:290,11
1361180793637273605,positive,29:127,0:180,12
1360640185344663553,positive,6:82,6:110,9
1361266204720177156,positive,0:317,0:317,9
1360189817896673282,negative,4:91,4:91,4
1359683753170395140,positive,0:64,0:78,12
1359848310937444353,positive,0:179,0:179,9
1360865596083085314,positive,0:202,0:202,11
1359395450453954564,positive,0:178,0:178,9
1360439737719267333,positive,0:125,0:137,9
1359651963177172993,negative,0:172,0:172,11
1359583192655699970,positive,49:214,0:214,20
1360725435487641601,negative,12:146,12:146,4
1360691653049221124,positive,12:185,12:185,9
1361099312365731840,neutral,129:153,30:243,12
1359983632346185728,positive,18:72,18:74,9
1360568242604040198,negative,16:127,16:127,19
1360491500237434886,negative,18:183,18:299,12
1361304494248759301,negative,0:236,0:276,11
1360748092992217092,positive,6:117,6:168,9
1360545508071075853,negative,6:127,6:287,13
1360380456303222787,negative,12:175,12:175,19
1359581455207268352,positive,0:150,0:210,9
1358965081166540800,positive,70:244,70:244,19
1359199789913677826,positive,6:191,6:191,9
1359875887823429633,negative,6:247,6:247,9
1359481673784647684,positive,37:271,6:271,12
1359650895517089792,positive,12:227,12:227,12
1358837916110266370,positive,0:30,0:63,9
1360189780089311235,positive,0:50,0:240,8
1359886877097029636,positive,0:186,0:272,16
1360180879126122496,positive,1:73,0:103,12
1360199125707476992,negative,18:198,18:198,15
1358651840188063746,positive,21:36,0:67,16
1359662670337613827,negative,0:127,0:152,11
1361111159005470723,positive,35:173,6:173,12
1360781065833623552,negative,0:128,0:128,11
1359918567316221956,negative,6:139,6:226,11
1358872949365776385,positive,29:181,6:183,19
1359253646685310977,positive,0:124,0:159,9
1358686961544871936,negative,54:138,54:140,11
1361338166347726852,positive,50:158,0:158,12
1359749964742750212,negative,0:199,0:199,11
1359996425170538498,positive,18:194,18:194,12
1361101806617698304,negative,0:89,0:255,11
